n,wr,total_pips,pf,avg,tf,pair,strat,params,spread,bars
8,62.5,586.6503110815057,2.9520395929369188,73.33128888518821,D1,AUDUSD,supertrend,"(10, 2.0, 14, 2.0, 3.0)",9,2284
8,62.5,384.98993835178845,2.178590397699833,48.12374229397356,D1,AUDUSD,supertrend,"(10, 2.0, 14, 1.5, 2.5)",9,2284
18,61.111111111111114,1067.7359264142083,2.042146685818892,59.31866257856713,D1,EURUSD,supertrend,"(10, 2.0, 14, 1.5, 2.5)",0,3730
18,61.111111111111114,823.8290057049214,1.7832634235354348,45.76827809471786,D1,EURUSD,supertrend,"(7, 2.0, 14, 1.5, 2.5)",0,3730
17,58.82352941176471,1469.4081899987664,2.1531921240197462,86.43577588228038,D1,EURUSD,supertrend,"(10, 2.0, 14, 2.5, 4.0)",0,3730
7,57.14285714285714,265.2885961737305,1.8121422430108425,37.898370881961505,D1,AUDUSD,supertrend,"(7, 2.0, 14, 1.5, 2.5)",9,2284
16,56.25,1166.0448700070501,1.99805016653498,72.87780437544063,D1,GBPUSD,ema_macd,"(3, 10, 50, 14, 1.5, 2.5)",8,2284
11,54.54545454545454,1153.4854306284358,2.253145612047049,104.86231187531234,D1,GBPUSD,ema_macd,"(5, 13, 50, 14, 2.0, 3.0)",8,2284
11,54.54545454545454,1046.3952670315944,2.5225051745193285,95.12684245741767,D1,GBPUSD,ema_macd,"(5, 13, 50, 10, 1.5, 2.5)",8,2284
11,54.54545454545454,1037.9438577143208,2.5034951244967165,94.3585325194837,D1,GBPUSD,ema_macd,"(5, 13, 50, 14, 1.5, 2.5)",8,2284
11,54.54545454545454,922.4022848002055,3.0041941493960405,83.85475316365505,D1,GBPUSD,ema_macd,"(5, 13, 50, 14, 1.0, 2.0)",8,2284
17,52.94117647058824,668.5641998131132,1.4528682464328266,39.3273058713596,D1,EURUSD,supertrend,"(10, 2.0, 14, 2.0, 3.0)",0,3730
42,52.38095238095239,26039.93822284001,1.5691952711390458,619.9985291152383,M15,XAUUSD,supertrend,"(10, 2.0, 14, 2.5, 4.0)",28,5000
44,50.0,19452.15262267411,1.443734911423442,442.094377788048,M15,XAUUSD,supertrend,"(10, 2.0, 14, 2.0, 3.0)",28,5000
16,50.0,16354.650035028226,1.805288232376123,1022.1656271892641,M15,XAUUSD,supertrend,"(14, 3.0, 14, 2.5, 4.0)",28,5000
30,50.0,13257.19493743345,1.381499208573657,441.9064979144484,M15,XAUUSD,supertrend,"(14, 2.5, 14, 2.0, 3.0)",28,5000
16,50.0,8485.50375977402,1.4500552511585174,530.3439849858762,M15,XAUUSD,supertrend,"(10, 3.0, 14, 2.0, 3.0)",28,5000
46,50.0,2396.903149570632,1.511862586320328,52.10659020805722,D1,GBPUSD,keltner,"(50, 2.0, 21, 2.0, 3.0)",8,2284
10,50.0,1488.6403047469266,2.6194364681447464,148.86403047469267,D1,GBPUSD,ema_macd,"(5, 13, 50, 14, 2.0, 4.0)",8,2284
10,50.0,324.6306916749919,1.4084995758125176,32.46306916749919,D1,GBPUSD,supertrend,"(7, 2.0, 14, 1.5, 2.5)",8,2284
10,50.0,277.85495251447577,1.3377871056640862,27.78549525144758,D1,GBPUSD,supertrend,"(10, 2.0, 14, 1.5, 2.5)",8,2284
8,50.0,197.41350720914318,1.2338573470038292,24.676688401142897,D1,EURUSD,supertrend,"(14, 2.5, 14, 2.0, 3.0)",0,3730
8,50.0,160.1437896026625,1.1897073928986128,20.017973700332814,D1,EURUSD,supertrend,"(10, 2.5, 14, 2.0, 3.0)",0,3730
83,49.39759036144578,130426.00569013691,1.824070358706655,1571.3976589173121,M30,XAUUSD,keltner,"(20, 2.0, 14, 2.0, 3.0)",28,5000
74,48.64864864864865,54992.56975186637,1.3720531944626464,743.1428344846807,M30,XAUUSD,donchian,"(100, 21, 2.0, 3.0)",28,5000
68,48.529411764705884,19924.82437831677,1.2480052113377547,293.0121232105407,M15,XAUUSD,keltner,"(20, 2.0, 14, 2.0, 3.0)",28,5000
31,48.38709677419355,10553.109545634834,1.286871866009946,340.42288856886563,M15,XAUUSD,supertrend,"(10, 2.5, 14, 2.0, 3.0)",28,5000
42,47.61904761904761,800.1316377921485,1.41822432669967,19.05075328076544,D1,EURUSD,ema_macd,"(3, 8, 50, 14, 1.0, 1.8)",0,3730
19,47.368421052631575,601.1579132968103,1.421105260690015,31.63989017351633,D1,GBPUSD,ema_macd,"(5, 13, 30, 14, 1.5, 2.0)",8,2284
43,46.51162790697674,507.6617898256575,1.1844954042989224,11.806088135480406,D1,EURUSD,ema_macd,"(5, 13, 30, 14, 1.5, 2.0)",0,3730
108,46.2962962962963,60335.662975562984,1.2667758883375189,558.6635460700277,M30,XAUUSD,donchian,"(50, 21, 2.0, 3.0)",28,5000
80,46.25,43804.9335899007,1.2806753855095292,547.5616698737588,M30,XAUUSD,keltner,"(50, 2.0, 21, 2.0, 3.0)",28,5000
91,46.15384615384615,89617.98610432271,1.5229747264736508,984.8130341134364,M30,XAUUSD,keltner,"(30, 2.0, 21, 2.0, 3.0)",28,5000
37,45.94594594594595,702.9557233853482,1.28454659798699,18.99880333473914,D1,AUDUSD,keltner,"(50, 2.0, 21, 2.0, 3.0)",9,2284
79,45.56962025316456,13906.768979669001,1.108235654175755,176.03505037555698,M30,XAUUSD,supertrend,"(5, 1.5, 14, 1.5, 2.5)",28,5000
51,45.09803921568628,9847.461391761954,1.1397559851923023,193.08747826984222,M30,XAUUSD,ema_macd,"(5, 13, 30, 14, 1.5, 2.0)",28,5000
18,44.44444444444444,4396.385632021065,1.1786980121918582,244.24364622339252,M15,XAUUSD,supertrend,"(20, 3.0, 21, 2.0, 3.5)",28,5000
18,44.44444444444444,262.22772883343856,1.2237206561029308,14.568207157413253,D1,AUDUSD,ema_macd,"(5, 13, 50, 14, 2.0, 3.0)",9,2284
41,43.90243902439025,-6209.337816800235,0.9310843633415564,-151.44726382439598,M30,XAUUSD,supertrend,"(10, 2.0, 14, 2.0, 3.0)",28,5000
62,43.54838709677419,1072.5893018434938,1.1972323210391174,17.29982744908861,D1,EURUSD,donchian,"(100, 21, 2.0, 3.0)",0,3730
67,43.28358208955223,16661.905147442347,1.341160415111937,248.6851514543634,M15,XAUUSD,ema_macd,"(5, 13, 30, 14, 1.5, 2.0)",28,5000
118,43.22033898305085,74546.93263373189,1.3650277034046436,631.7536663875584,M30,XAUUSD,keltner,"(14, 1.5, 14, 1.5, 2.5)",28,5000
51,43.13725490196079,710.3387026401055,1.1205556740689044,13.928209855688342,D1,GBPUSD,keltner,"(30, 2.0, 21, 2.0, 3.0)",8,2284
86,43.02325581395349,2054.422267985956,1.0202391060532439,23.88863102309251,M15,XAUUSD,keltner,"(50, 2.0, 21, 2.0, 3.0)",28,5000
128,42.96875,97150.96727864325,1.46128308521665,758.9919318644004,M30,XAUUSD,keltner,"(20, 1.5, 14, 1.5, 2.5)",28,5000
7,42.857142857142854,360.9845251060916,1.5076505717811188,51.5692178722988,D1,GBPUSD,ema_macd,"(5, 13, 100, 21, 2.0, 3.5)",8,2284
42,42.857142857142854,-2226.356761140596,0.96815303756312,-53.008494312871335,M30,XAUUSD,supertrend,"(7, 2.0, 14, 1.5, 2.5)",28,5000
14,42.857142857142854,-2481.864527322432,0.9418920711449329,-177.276037665888,M30,XAUUSD,supertrend,"(14, 3.0, 14, 2.5, 4.0)",28,5000
42,42.857142857142854,-2839.4383683195883,0.9605932829655808,-67.60567543618068,M30,XAUUSD,supertrend,"(10, 2.0, 14, 1.5, 2.5)",28,5000
47,42.5531914893617,13250.035558787658,1.3266229832424394,281.91565018697145,M15,XAUUSD,supertrend,"(7, 2.0, 14, 1.5, 2.5)",28,5000
48,41.66666666666667,11778.366249776991,1.2772790351580565,245.3826302036873,M15,XAUUSD,supertrend,"(10, 2.0, 14, 1.5, 2.5)",28,5000
41,41.46341463414634,198.77318936111013,1.0634625095194548,4.848126569783174,D1,AUDUSD,keltner,"(30, 2.0, 21, 2.0, 3.0)",9,2284
58,41.37931034482759,21528.428026133995,1.7482039097816107,371.1797935540344,M15,XAUUSD,ema_macd,"(3, 8, 50, 14, 1.0, 1.8)",28,5000
92,41.30434782608695,-8084.518767548567,0.9317551382729807,-87.87520399509312,M15,XAUUSD,keltner,"(30, 2.0, 21, 2.0, 3.0)",28,5000
34,41.17647058823529,-24.29701320617599,0.9907837506997988,-0.7146180354757644,D1,EURUSD,ema_macd,"(3, 10, 50, 14, 1.5, 2.5)",0,3730
95,41.05263157894737,18742.128648684273,1.227016766316463,197.28556472299235,M15,XAUUSD,supertrend,"(5, 1.5, 14, 1.5, 2.5)",28,5000
61,40.98360655737705,664.6082028194501,1.146684286686575,10.895216439663116,D1,EURUSD,supertrend,"(5, 1.5, 14, 1.5, 2.5)",0,3730
27,40.74074074074074,302.35121900604736,1.1588778619394933,11.198193296520273,D1,EURUSD,ema_macd,"(5, 13, 50, 14, 1.5, 2.5)",0,3730
150,40.666666666666664,1434.0681762500583,1.129524332483104,9.560454508333722,D1,EURUSD,rsi,"(14, 70, 30, 14, 1.5, 2.5)",0,3730
20,40.0,141.57620208309794,1.1105096327852555,7.078810104154897,D1,GBPUSD,ema_macd,"(3, 8, 50, 14, 1.0, 1.8)",8,2284
5,40.0,-37.34072807936258,0.9467723035299,-7.4681456158725155,D1,GBPUSD,supertrend,"(14, 2.5, 14, 2.0, 3.0)",8,2284
60,40.0,-262.5613612695756,0.9553035877070313,-4.376022687826261,D1,EURUSD,keltner,"(50, 2.0, 21, 2.0, 3.0)",0,3730
93,39.784946236559136,-369.23862578361997,0.9594896580966944,-3.9703078041249458,D1,EURUSD,donchian,"(50, 21, 2.0, 3.0)",0,3730
38,39.473684210526315,-7169.183661718125,0.9257241178275423,-188.66272793995066,M30,XAUUSD,supertrend,"(10, 2.0, 14, 2.5, 4.0)",28,5000
61,39.34426229508197,363.42328372332514,1.0639373220354273,5.957758749562707,D1,GBPUSD,keltner,"(14, 1.5, 14, 1.5, 2.5)",8,2284
56,39.285714285714285,165.75466775141928,1.0253821835827897,2.9599047812753443,D1,GBPUSD,donchian,"(50, 21, 2.0, 3.0)",8,2284
18,38.88888888888889,-19237.341892205677,0.6115108204722705,-1068.7412162336486,M30,XAUUSD,supertrend,"(10, 3.0, 14, 2.0, 3.0)",28,5000
67,38.80597014925373,803.3949987809731,1.1614187690076212,11.9909701310593,D1,EURUSD,rsi,"(14, 80, 20, 14, 1.5, 2.5)",0,3730
155,38.70967741935484,1591.0894450863514,1.1401126759631737,10.265093194105493,D1,EURUSD,donchian,"(20, 14, 1.5, 2.5)",0,3730
124,38.70967741935484,-14058.7980436394,0.9512418781030901,-113.37740357773708,M30,XAUUSD,rsi,"(14, 75, 25, 14, 2.0, 3.0)",28,5000
31,38.70967741935484,-20221.355668705834,0.7388951844314532,-652.3017957647043,M30,XAUUSD,supertrend,"(10, 2.5, 14, 2.0, 3.0)",28,5000
31,38.70967741935484,-20221.355668705834,0.7388951844314532,-652.3017957647043,M30,XAUUSD,supertrend,"(14, 2.5, 14, 2.0, 3.0)",28,5000
75,38.666666666666664,-7767.696560538388,0.92108443686526,-103.56928747384518,M15,XAUUSD,donchian,"(100, 21, 2.0, 3.0)",28,5000
13,38.46153846153847,-5618.381212223085,0.8196738692297055,-432.1831701710065,M30,XAUUSD,supertrend,"(20, 3.0, 21, 2.0, 3.5)",28,5000
73,38.35616438356164,228.88679512887524,1.0330994567534215,3.1354355497106194,D1,GBPUSD,keltner,"(20, 1.5, 14, 1.5, 2.5)",8,2284
29,37.93103448275862,7387.098199571301,1.1270187066605264,254.7275241231483,M30,XAUUSD,ema_macd,"(5, 13, 100, 21, 2.0, 3.5)",28,5000
29,37.93103448275862,319.1667790199593,1.2208540938265497,11.005751000688251,D1,EURUSD,ema_macd,"(5, 13, 50, 14, 1.0, 2.0)",0,3730
87,37.93103448275862,-313.13385014800156,0.942742147331989,-3.599239656873581,D1,AUDUSD,rsi,"(21, 65, 35, 14, 1.5, 2.5)",9,2284
69,37.68115942028986,879.295513195666,1.0120396108978402,12.743413234719798,M30,XAUUSD,ema_macd,"(3, 8, 50, 14, 1.0, 1.8)",28,5000
16,37.5,17.066525877387193,1.013845636562778,1.0666578673366995,D1,AUDUSD,ema_macd,"(5, 13, 100, 21, 2.0, 3.5)",9,2284
48,37.5,-15513.972830488721,0.8036339681959466,-323.2077673018484,M30,XAUUSD,ema_macd,"(3, 10, 50, 14, 1.5, 2.5)",28,5000
43,37.2093023255814,285.8430435108915,1.074734215566315,6.647512639788174,D1,GBPUSD,rsi,"(14, 80, 20, 14, 1.5, 2.5)",8,2284
156,37.17948717948718,1710.9233164422262,1.2163407104070294,10.967457156680938,D1,EURUSD,keltner,"(20, 1.0, 14, 1.0, 2.0)",0,3730
35,37.142857142857146,-266.0156992474871,0.8743457882019086,-7.600448549928203,D1,AUDUSD,ema_macd,"(5, 13, 30, 14, 1.5, 2.0)",9,2284
27,37.03703703703704,127.20289047209113,1.0645197986787007,4.711218165633005,D1,EURUSD,ema_macd,"(5, 13, 50, 10, 1.5, 2.5)",0,3730
54,37.03703703703704,-68.62974723263477,0.9790891055111279,-1.2709212450487921,D1,AUDUSD,keltner,"(14, 1.5, 14, 1.5, 2.5)",9,2284
19,36.84210526315789,13.619569650720194,1.0128112431988383,0.7168194553010628,D1,AUDUSD,ema_macd,"(5, 13, 50, 10, 1.5, 2.5)",9,2284
19,36.84210526315789,-1.4038682337514388,0.9986835597320367,-0.07388780177639151,D1,AUDUSD,ema_macd,"(5, 13, 50, 14, 1.5, 2.5)",9,2284
218,36.69724770642202,13544.691165278971,1.0344928714240158,62.13161084990354,M30,XAUUSD,rsi,"(7, 75, 25, 14, 1.5, 2.5)",28,5000
60,36.666666666666664,-208.61227736409015,0.9646422102962475,-3.4768712894015024,D1,EURUSD,keltner,"(20, 2.0, 14, 2.0, 3.0)",0,3730
90,36.666666666666664,-1478.5897999909175,0.9915657789669324,-16.42877555545464,M30,XAUUSD,rsi,"(14, 80, 20, 14, 1.5, 2.5)",28,5000
96,36.45833333333333,987.411164675012,1.1586194042358413,10.285532965364707,D1,GBPUSD,keltner,"(20, 1.0, 14, 1.0, 2.0)",8,2284
195,36.41025641025641,-41622.212386651256,0.887687617672029,-213.44724300846798,M30,XAUUSD,donchian,"(20, 14, 1.5, 2.5)",28,5000
119,36.134453781512605,-27920.60663080891,0.8237264139556655,-234.62694647738581,M15,XAUUSD,donchian,"(50, 21, 2.0, 3.0)",28,5000
133,36.09022556390977,-732.8368767831569,0.9316807349045314,-5.510051705136518,D1,EURUSD,rsi,"(21, 65, 35, 14, 1.5, 2.5)",0,3730
25,36.0,189.14433067491964,1.192765424671608,7.565773226996786,D1,AUDUSD,ema_macd,"(5, 13, 50, 14, 1.0, 2.0)",9,2284
75,36.0,-1311.5803142812795,0.8334792132972155,-17.487737523750393,D1,EURUSD,keltner,"(30, 2.0, 21, 2.0, 3.0)",0,3730
78,35.8974358974359,-996.2325593345536,0.8711251857606298,-12.772212299160943,D1,GBPUSD,rsi,"(21, 65, 35, 14, 1.5, 2.5)",8,2284
120,35.833333333333336,-447.91363662524896,0.953406611634592,-3.732613638543741,D1,EURUSD,keltner,"(20, 1.5, 14, 1.5, 2.5)",0,3730
176,35.79545454545455,8108.60564411751,1.0229608287379113,46.07162297794039,M30,XAUUSD,rsi,"(14, 70, 30, 14, 1.5, 2.5)",28,5000
109,35.77981651376147,-565.9328011283546,0.916828791209042,-5.192044047049125,D1,AUDUSD,rsi,"(7, 75, 25, 14, 1.5, 2.5)",9,2284
118,35.59322033898305,-20516.129330636344,0.871748435348127,-173.8655028020029,M15,XAUUSD,rsi,"(14, 75, 25, 14, 2.0, 3.0)",28,5000
218,35.321100917431195,-20386.3242093234,0.9116184933780185,-93.5152486666211,M15,XAUUSD,rsi,"(7, 75, 25, 14, 1.5, 2.5)",28,5000
34,35.294117647058826,-510.6730748438412,0.7779900077523505,-15.019796318936507,D1,AUDUSD,supertrend,"(5, 1.5, 14, 1.5, 2.5)",9,2284
34,35.294117647058826,-675.0000357025656,0.7682369499809699,-19.85294222654605,D1,AUDUSD,keltner,"(20, 2.0, 14, 2.0, 3.0)",9,2284
102,35.294117647058826,-791.3200004791244,0.9037305917170123,-7.758039220383572,D1,EURUSD,keltner,"(14, 1.5, 14, 1.5, 2.5)",0,3730
37,35.13513513513514,-611.220073201144,0.831946287079786,-16.519461437868756,D1,GBPUSD,supertrend,"(5, 1.5, 14, 1.5, 2.5)",8,2284
180,35.0,-920.1249327792107,0.9369226944911897,-5.111805182106726,D1,EURUSD,rsi,"(7, 75, 25, 14, 1.5, 2.5)",0,3730
40,35.0,-1353.0251320797215,0.740871972920049,-33.825628301993035,D1,GBPUSD,keltner,"(20, 2.0, 14, 2.0, 3.0)",8,2284
201,34.82587064676617,-20240.27478269204,0.8992636032298915,-100.69788449100517,M15,XAUUSD,donchian,"(20, 14, 1.5, 2.5)",28,5000
167,34.73053892215569,-7427.472376343076,0.9776920816186293,-44.47588249307231,M30,XAUUSD,rsi,"(21, 65, 35, 14, 1.5, 2.5)",28,5000
104,34.61538461538461,-1663.441169393802,0.845408383157013,-15.994626628786559,D1,GBPUSD,rsi,"(7, 75, 25, 14, 1.5, 2.5)",8,2284
182,34.61538461538461,-29213.08265541052,0.8500149478290312,-160.51144316159625,M15,XAUUSD,rsi,"(14, 70, 30, 14, 1.5, 2.5)",28,5000
189,34.39153439153439,22119.84955213348,1.096853692746457,117.03624101657927,M30,XAUUSD,keltner,"(20, 1.0, 14, 1.0, 2.0)",28,5000
32,34.375,-31.16154109592763,0.978019413864994,-0.9737981592477385,D1,AUDUSD,ema_macd,"(3, 8, 50, 14, 1.0, 1.8)",9,2284
131,34.35114503816794,-314.6012715487933,0.8459015063293803,-2.40153642403659,M30,GBPUSD,rsi,"(14, 75, 25, 14, 2.0, 3.0)",10,5000
135,34.074074074074076,-22202.047036413842,0.8427887119325387,-164.45960767713956,M15,XAUUSD,keltner,"(20, 1.5, 14, 1.5, 2.5)",28,5000
47,34.04255319148936,1378.027402716134,1.0320451864658187,29.3197319726837,M15,XAUUSD,ema_macd,"(3, 10, 50, 14, 1.5, 2.5)",28,5000
68,33.82352941176471,-845.469653460712,0.812848321794959,-12.433377256775177,D1,AUDUSD,keltner,"(20, 1.5, 14, 1.5, 2.5)",9,2284
323,33.746130030959755,29310.2129373018,1.0737073272681088,90.74369330433994,M30,XAUUSD,donchian,"(10, 14, 1.0, 2.0)",28,5000
172,33.72093023255814,-19003.498842848785,0.8903174792063474,-110.48545838865573,M15,XAUUSD,rsi,"(21, 65, 35, 14, 1.5, 2.5)",28,5000
51,33.33333333333333,9210.846202495122,1.3026311094543535,180.60482749990436,M15,XAUUSD,ema_macd,"(5, 13, 50, 14, 1.0, 2.0)",28,5000
24,33.33333333333333,5679.692876841,1.2811311192323336,236.65386986837498,M15,XAUUSD,ema_macd,"(8, 21, 100, 14, 1.5, 2.5)",28,5000
18,33.33333333333333,117.02506250872219,1.0887799769159379,6.501392361595677,D1,AUDUSD,ema_macd,"(5, 13, 50, 14, 2.0, 4.0)",9,2284
9,33.33333333333333,-266.54490795051214,0.8012232727191374,-29.61610088339024,D1,GBPUSD,supertrend,"(10, 2.0, 14, 2.5, 4.0)",8,2284
9,33.33333333333333,-518.7521138797146,0.5908495705340583,-57.63912376441273,D1,GBPUSD,supertrend,"(10, 2.0, 14, 2.0, 3.0)",8,2284
24,33.33333333333333,-547.6490529764422,0.7822544041001148,-22.818710540685093,D1,EURUSD,ema_macd,"(5, 13, 50, 14, 2.0, 3.0)",0,3730
84,33.33333333333333,-1284.4091477900463,0.8471632850646638,-15.290585092738647,D1,GBPUSD,rsi,"(14, 70, 30, 14, 1.5, 2.5)",8,2284
33,33.33333333333333,-16559.786950250145,0.7592443120588338,-501.8117257651559,M30,XAUUSD,ema_macd,"(5, 13, 50, 14, 2.0, 3.0)",28,5000
118,33.05084745762712,-23793.887324403295,0.811793758706674,-201.643112918672,M15,XAUUSD,keltner,"(14, 1.5, 14, 1.5, 2.5)",28,5000
103,33.00970873786408,-3814.1528838874274,0.6696862867976779,-37.03061052317891,D1,EURUSD,rsi,"(14, 75, 25, 14, 2.0, 3.0)",0,3730
52,32.69230769230769,-1078.5486808144208,0.7608244462446295,-20.741320784892707,D1,AUDUSD,rsi,"(14, 75, 25, 14, 2.0, 3.0)",9,2284
25,32.0,-862.5092989307025,0.7091152991538864,-34.5003719572281,D1,EURUSD,ema_macd,"(5, 13, 100, 21, 2.0, 3.5)",0,3730
100,32.0,-2039.7871605762784,0.8021251973063682,-20.397871605762784,D1,GBPUSD,donchian,"(20, 14, 1.5, 2.5)",8,2284
57,31.57894736842105,-1623.7352213826957,0.6714495147865935,-28.486582831275364,D1,AUDUSD,donchian,"(50, 21, 2.0, 3.0)",9,2284
264,31.439393939393938,-1249.6686710461754,0.9171308889597614,-4.733593450932482,D1,EURUSD,donchian,"(10, 14, 1.0, 2.0)",0,3730
16,31.25,-81.08027597417333,0.7710010082771304,-5.067517248385833,M30,USDJPY,supertrend,"(14, 3.0, 14, 2.5, 4.0)",13,5000
160,30.625000000000004,-1733.66333279263,0.850509064613049,-10.835395829953937,D1,GBPUSD,donchian,"(10, 14, 1.0, 2.0)",8,2284
206,30.582524271844658,-9842.172290395092,0.9317732899987585,-47.77753539026744,M15,XAUUSD,keltner,"(20, 1.0, 14, 1.0, 2.0)",28,5000
33,30.303030303030305,-6597.099901631373,0.9074275331903006,-199.91211823125371,M30,XAUUSD,ema_macd,"(5, 13, 50, 14, 2.0, 4.0)",28,5000
60,30.0,-3183.158998572646,0.6168731923325833,-53.052649976210766,D1,GBPUSD,rsi,"(14, 75, 25, 14, 2.0, 3.0)",8,2284
98,29.591836734693878,-2122.9263123204214,0.6879100934063748,-21.662513391024707,D1,AUDUSD,donchian,"(20, 14, 1.5, 2.5)",9,2284
17,29.411764705882355,-91.53241049571648,0.710632193724559,-5.384259440924499,M30,USDJPY,supertrend,"(10, 3.0, 14, 2.0, 3.0)",13,5000
14,28.57142857142857,-181.8310012980651,0.30046435250114556,-12.987928664147507,M30,EURUSD,supertrend,"(14, 3.0, 14, 2.5, 4.0)",9,5000
14,28.57142857142857,-222.49866773865085,0.21519936054115948,-15.892761981332203,M30,AUDUSD,supertrend,"(14, 3.0, 14, 2.5, 4.0)",9,5000
28,28.57142857142857,-11227.463683536098,0.7613764625949075,-400.98084584057494,M30,XAUUSD,ema_macd,"(8, 21, 100, 14, 1.5, 2.5)",28,5000
39,28.205128205128204,-26883.374451856525,0.6220456852058652,-689.3172936373468,M30,XAUUSD,ema_macd,"(5, 13, 50, 14, 1.5, 2.5)",28,5000
327,28.134556574923547,-35988.863920194286,0.8476996248023053,-110.05768782934032,M15,XAUUSD,donchian,"(10, 14, 1.0, 2.0)",28,5000
76,27.631578947368425,-35286.03944368046,0.6215956070933197,-464.2899926800061,M15,XAUUSD,rsi,"(14, 80, 20, 14, 1.5, 2.5)",28,5000
40,27.500000000000004,-17180.022719825138,0.6784968306104986,-429.50056799562844,M15,XAUUSD,ema_macd,"(5, 13, 50, 14, 2.0, 3.0)",28,5000
40,27.500000000000004,-32951.4730578293,0.5684169225622472,-823.7868264457326,M30,XAUUSD,ema_macd,"(5, 13, 50, 10, 1.5, 2.5)",28,5000
11,27.27272727272727,-434.98609545845625,0.5922066603568708,-39.544190496223294,D1,EURUSD,ema_macd,"(8, 21, 100, 14, 1.5, 2.5)",0,3730
81,27.160493827160494,-2178.645983177442,0.6185751861584199,-26.89686398984496,D1,AUDUSD,rsi,"(14, 70, 30, 14, 1.5, 2.5)",9,2284
154,26.623376623376622,-1569.8619708339888,0.7806712618992926,-10.193908901519409,D1,AUDUSD,donchian,"(10, 14, 1.0, 2.0)",9,2284
34,26.47058823529412,-175.20673778512628,0.6337053064986897,-5.153139346621361,M30,AUDUSD,ema_macd,"(5, 13, 50, 14, 2.0, 4.0)",9,5000
34,26.47058823529412,-216.02037057125602,0.5483785816189372,-6.3535403109192945,M30,AUDUSD,ema_macd,"(5, 13, 50, 14, 2.0, 3.0)",9,5000
106,26.41509433962264,-1139.7034516884144,0.7719503057362197,-10.75191935555108,D1,AUDUSD,keltner,"(20, 1.0, 14, 1.0, 2.0)",9,2284
46,26.08695652173913,-484.7362722846227,0.4109985711451381,-10.53774504966571,M30,EURUSD,supertrend,"(10, 2.0, 14, 2.5, 4.0)",9,5000
23,26.08695652173913,-510.3701946149263,0.7975553883297942,-22.190008461518534,D1,EURUSD,ema_macd,"(5, 13, 50, 14, 2.0, 4.0)",0,3730
39,25.64102564102564,-1372.41630987151,0.5235984372015872,-35.19016179157718,D1,AUDUSD,rsi,"(14, 80, 20, 14, 1.5, 2.5)",9,2284
39,25.64102564102564,-2813.1653154223523,0.509235811501946,-72.13244398518852,D1,GBPUSD,donchian,"(100, 21, 2.0, 3.0)",8,2284
43,25.581395348837212,-12271.621148196391,0.722090214822326,-285.38653833014865,M15,XAUUSD,ema_macd,"(5, 13, 50, 10, 1.5, 2.5)",28,5000
43,25.581395348837212,-12615.3949095803,0.7126532616749693,-293.3812769669837,M15,XAUUSD,ema_macd,"(5, 13, 50, 14, 1.5, 2.5)",28,5000
20,25.0,-137.13612894401984,0.4942401130874848,-6.856806447200992,M15,GBPUSD,supertrend,"(10, 3.0, 14, 2.0, 3.0)",10,5000
16,25.0,-172.79340395520705,0.5333094833195821,-10.799587747200441,M30,GBPUSD,supertrend,"(10, 3.0, 14, 2.0, 3.0)",10,5000
8,25.0,-191.28451457840694,0.6506899425626506,-23.910564322300868,D1,AUDUSD,supertrend,"(10, 2.0, 14, 2.5, 4.0)",9,2284
40,25.0,-429.04457010681654,0.5801747401755638,-10.726114252670413,M30,USDJPY,supertrend,"(10, 2.0, 14, 2.5, 4.0)",13,5000
112,25.0,-1073.6881316258098,0.49715878404344277,-9.586501175230444,M30,GBPUSD,keltner,"(30, 2.0, 21, 2.0, 3.0)",10,5000
33,24.242424242424242,-208.9634827194153,0.5532736117377322,-6.332226749073191,M30,EURUSD,ema_macd,"(5, 13, 50, 14, 2.0, 3.0)",9,5000
79,24.050632911392405,-883.7054215774656,0.43780785746376344,-11.186144576929944,M30,GBPUSD,donchian,"(100, 21, 2.0, 3.0)",10,5000
26,23.076923076923077,-327.0034987736814,0.4246593266096799,-12.577057645141592,M30,GBPUSD,supertrend,"(14, 2.5, 14, 2.0, 3.0)",10,5000
35,22.857142857142858,-274.99878298265514,0.5912614258892875,-7.8571080852187185,M30,USDJPY,ema_macd,"(5, 13, 100, 21, 2.0, 3.5)",13,5000
22,22.727272727272727,-728.9082160776682,0.5493811910684672,-33.13219163989401,D1,AUDUSD,ema_macd,"(3, 10, 50, 14, 1.5, 2.5)",9,2284
110,22.727272727272727,-899.4706763627687,0.4293359481509825,-8.177006148752442,M30,AUDUSD,keltner,"(50, 2.0, 21, 2.0, 3.0)",9,5000
27,22.22222222222222,-226.42782863987912,0.4662760558806195,-8.386215875551079,M30,EURUSD,supertrend,"(10, 2.5, 14, 2.0, 3.0)",9,5000
107,21.49532710280374,-1153.7984387213323,0.4351863369272902,-10.783162978704041,M30,GBPUSD,keltner,"(50, 2.0, 21, 2.0, 3.0)",10,5000
14,21.428571428571427,-106.17725606682171,0.5285862628946163,-7.584089719058694,M30,EURUSD,supertrend,"(10, 3.0, 14, 2.0, 3.0)",9,5000
28,21.428571428571427,-344.21238147476885,0.43194534446651933,-12.293299338384601,M30,GBPUSD,supertrend,"(10, 2.5, 14, 2.0, 3.0)",10,5000
33,21.21212121212121,-317.2813230029694,0.4080411803881353,-9.614585545544527,M30,EURUSD,ema_macd,"(5, 13, 100, 21, 2.0, 3.5)",9,5000
52,21.153846153846153,-449.9862563663037,0.40708112907639543,-8.653581853198148,M15,GBPUSD,supertrend,"(10, 2.0, 14, 2.5, 4.0)",10,5000
38,21.052631578947366,-2596.2108234206953,0.3506765085271675,-68.32133745843934,D1,AUDUSD,donchian,"(100, 21, 2.0, 3.0)",9,2284
24,20.833333333333336,-125.91650818939868,0.6280167954525625,-5.2465211745582785,M30,GBPUSD,ema_macd,"(8, 21, 100, 14, 1.5, 2.5)",10,5000
39,20.51282051282051,-232.93176532278028,0.47100020421460986,-5.972609367250777,M30,AUDUSD,ema_macd,"(5, 13, 50, 14, 1.5, 2.5)",9,5000
39,20.51282051282051,-239.69780203628383,0.4641293398550242,-6.146097488109842,M30,AUDUSD,ema_macd,"(5, 13, 50, 10, 1.5, 2.5)",9,5000
88,20.454545454545457,-1132.016123980011,0.38293395815902315,-12.863819590681942,M30,GBPUSD,keltner,"(20, 2.0, 14, 2.0, 3.0)",10,5000
54,20.37037037037037,-501.0031617752361,0.5009276954949444,-9.27783632917104,M30,USDJPY,ema_macd,"(5, 13, 50, 14, 2.0, 3.0)",13,5000
113,20.353982300884958,-1022.4107140145944,0.3730140594345406,-9.047882424907915,M30,EURUSD,keltner,"(50, 2.0, 21, 2.0, 3.0)",9,5000
149,20.13422818791946,-1220.6311224807152,0.4418750706721697,-8.19215518443433,M30,EURUSD,rsi,"(14, 75, 25, 14, 2.0, 3.0)",9,5000
15,20.0,-146.73060662253158,0.24503858037682794,-9.782040441502106,M15,AUDUSD,supertrend,"(14, 3.0, 14, 2.5, 4.0)",9,5000
20,20.0,-175.3754815394414,0.41512409698414543,-8.76877407697207,M15,GBPUSD,supertrend,"(14, 3.0, 14, 2.5, 4.0)",10,5000
30,20.0,-298.1052018141484,0.3458722348967354,-9.936840060471614,M30,AUDUSD,ema_macd,"(5, 13, 100, 21, 2.0, 3.5)",9,5000
45,20.0,-677.8561520603345,0.41225953522870673,-15.06347004578521,M30,GBPUSD,supertrend,"(10, 2.0, 14, 2.5, 4.0)",10,5000
85,20.0,-753.8961830512658,0.416313085757791,-8.869366859426655,M30,EURUSD,donchian,"(100, 21, 2.0, 3.0)",9,5000
40,20.0,-24628.419858132656,0.570557553269728,-615.7104964533164,M15,XAUUSD,ema_macd,"(5, 13, 50, 14, 2.0, 4.0)",28,5000
45,20.0,-32535.220955812012,0.47057887389507547,-723.0049101291559,M30,XAUUSD,ema_macd,"(5, 13, 50, 14, 1.0, 2.0)",28,5000
86,19.767441860465116,-672.925476183512,0.4643696343262675,-7.824714839343163,M30,GBPUSD,rsi,"(14, 80, 20, 14, 1.5, 2.5)",10,5000
97,19.587628865979383,-997.7438440582589,0.3445380505823471,-10.286019010909886,M30,AUDUSD,keltner,"(20, 2.0, 14, 2.0, 3.0)",9,5000
103,19.41747572815534,-898.0397343072722,0.4220111213256125,-8.718832371915264,M30,EURUSD,keltner,"(20, 2.0, 14, 2.0, 3.0)",9,5000
125,19.2,-1789.9800450532741,0.32086967693642093,-14.319840360426193,M30,GBPUSD,donchian,"(50, 21, 2.0, 3.0)",10,5000
120,19.166666666666668,-1114.669641402826,0.3785725988704,-9.288913678356884,M30,EURUSD,keltner,"(30, 2.0, 21, 2.0, 3.0)",9,5000
94,19.148936170212767,-907.4548450535578,0.36885930537719364,-9.653774947378276,M30,AUDUSD,donchian,"(100, 21, 2.0, 3.0)",9,5000
131,19.083969465648856,-1254.9953340701709,0.3672419448067129,-9.58011705397077,M30,EURUSD,donchian,"(50, 21, 2.0, 3.0)",9,5000
37,18.91891891891892,-501.1564308601423,0.3071668084345881,-13.544768401625467,M30,AUDUSD,supertrend,"(10, 2.0, 14, 2.5, 4.0)",9,5000
53,18.867924528301888,-439.2074545664826,0.5590248972449456,-8.286933105027973,M30,USDJPY,ema_macd,"(5, 13, 50, 14, 2.0, 4.0)",13,5000
16,18.75,-119.2603410598847,0.270375423774602,-7.453771316242793,M15,AUDUSD,supertrend,"(10, 3.0, 14, 2.0, 3.0)",9,5000
43,18.6046511627907,-564.5618598199803,0.4085409426999555,-13.129345577208845,M30,USDJPY,supertrend,"(10, 2.0, 14, 2.0, 3.0)",13,5000
153,18.30065359477124,-1394.9867457482108,0.36723876489291696,-9.117560429726868,M30,AUDUSD,rsi,"(14, 75, 25, 14, 2.0, 3.0)",9,5000
22,18.181818181818183,-219.32112926484893,0.30869806654514254,-9.969142239311315,M15,GBPUSD,supertrend,"(14, 2.5, 14, 2.0, 3.0)",10,5000
110,18.181818181818183,-1052.2157192223913,0.36369884680633563,-9.565597447476284,M30,AUDUSD,keltner,"(30, 2.0, 21, 2.0, 3.0)",9,5000
210,18.095238095238095,-1790.6866270543107,0.4146911160253329,-8.5270791764491,M30,GBPUSD,rsi,"(21, 65, 35, 14, 1.5, 2.5)",10,5000
95,17.894736842105264,-1080.6031698820702,0.4358733991753028,-11.37477020928495,M30,USDJPY,donchian,"(100, 21, 2.0, 3.0)",13,5000
56,17.857142857142858,-310.7223041034923,0.46259069077646886,-5.548612573276649,M30,AUDUSD,ema_macd,"(3, 10, 50, 14, 1.5, 2.5)",9,5000
28,17.857142857142858,-338.9322037356891,0.41889388920981274,-12.104721561988896,M30,USDJPY,supertrend,"(10, 2.5, 14, 2.0, 3.0)",13,5000
28,17.857142857142858,-338.9322037356891,0.41889388920981274,-12.104721561988896,M30,USDJPY,supertrend,"(14, 2.5, 14, 2.0, 3.0)",13,5000
56,17.857142857142858,-372.3985913118711,0.4086824767141441,-6.649974844854841,M30,EURUSD,ema_macd,"(3, 10, 50, 14, 1.5, 2.5)",9,5000
130,17.692307692307693,-1790.864057313061,0.3821672407374741,-13.775877363946623,M30,USDJPY,rsi,"(14, 75, 25, 14, 2.0, 3.0)",13,5000
34,17.647058823529413,-22511.42142199851,0.5176674925870866,-662.1006300587798,M15,XAUUSD,ema_macd,"(5, 13, 100, 21, 2.0, 3.5)",28,5000
57,17.543859649122805,-463.42769145926184,0.4572181558157898,-8.130310376478278,M30,USDJPY,ema_macd,"(5, 13, 50, 14, 1.5, 2.5)",13,5000
211,17.535545023696685,-1941.751936265801,0.38899762521255543,-9.202615811686261,M30,GBPUSD,rsi,"(14, 70, 30, 14, 1.5, 2.5)",10,5000
139,17.26618705035971,-1465.6173624920136,0.32155412682869067,-10.544009802100817,M30,AUDUSD,donchian,"(50, 21, 2.0, 3.0)",9,5000
12,16.666666666666664,-113.51431400372206,0.42254909712744787,-9.459526166976838,M30,EURUSD,supertrend,"(20, 3.0, 21, 2.0, 3.5)",9,5000
12,16.666666666666664,-174.21757743056878,0.38272312961754956,-14.518131452547399,M30,GBPUSD,supertrend,"(20, 3.0, 21, 2.0, 3.5)",10,5000
18,16.666666666666664,-175.2766345711754,0.30429889697665086,-9.737590809509745,M15,EURUSD,supertrend,"(14, 3.0, 14, 2.5, 4.0)",9,5000
18,16.666666666666664,-178.14920753386863,0.32021514193417916,-9.897178196326035,M15,GBPUSD,supertrend,"(20, 3.0, 21, 2.0, 3.5)",10,5000
24,16.666666666666664,-229.36936895884497,0.29922109678199665,-9.557057039951873,M15,GBPUSD,supertrend,"(10, 2.5, 14, 2.0, 3.0)",10,5000
18,16.666666666666664,-310.8116073839883,0.11374870157678674,-17.267311521332683,M30,AUDUSD,supertrend,"(10, 2.5, 14, 2.0, 3.0)",9,5000
79,16.455696202531644,-670.7007344361784,0.3027407910199021,-8.489882714382006,M30,AUDUSD,ema_macd,"(5, 13, 30, 14, 1.5, 2.0)",9,5000
271,16.236162361623617,-2571.347386860236,0.3670788645401996,-9.488366741181682,M30,GBPUSD,rsi,"(7, 75, 25, 14, 1.5, 2.5)",10,5000
136,16.176470588235293,-1801.8789745145418,0.36517278817703197,-13.249110106724572,M30,USDJPY,donchian,"(50, 21, 2.0, 3.0)",13,5000
56,16.071428571428573,-474.9063288413254,0.4490284562067967,-8.480470157880811,M30,USDJPY,ema_macd,"(5, 13, 50, 10, 1.5, 2.5)",13,5000
25,16.0,-193.25278748736423,0.5101302447602621,-7.730111499494569,M30,USDJPY,ema_macd,"(8, 21, 100, 14, 1.5, 2.5)",13,5000
44,15.909090909090908,-398.2046236268456,0.24915794155301385,-9.05010508242831,M15,EURUSD,supertrend,"(10, 2.0, 14, 2.5, 4.0)",9,5000
32,15.625,-366.4278944520505,0.27288074717358407,-11.450871701626578,M30,EURUSD,ema_macd,"(5, 13, 50, 14, 2.0, 4.0)",9,5000
116,15.517241379310345,-837.7531311423606,0.3625388267456633,-7.2220097512272465,M30,AUDUSD,rsi,"(14, 80, 20, 14, 1.5, 2.5)",9,5000
26,15.384615384615385,-185.79512069060613,0.2814418281879779,-7.145966180407928,M15,AUDUSD,supertrend,"(10, 2.5, 14, 2.0, 3.0)",9,5000
39,15.384615384615385,-262.54156253628486,0.43308004718239246,-6.731834936827817,M30,EURUSD,ema_macd,"(5, 13, 50, 10, 1.5, 2.5)",9,5000
39,15.384615384615385,-267.25996340798423,0.4109555611983312,-6.852819574563698,M30,EURUSD,ema_macd,"(5, 13, 50, 14, 1.5, 2.5)",9,5000
13,15.384615384615385,-389.62023766093927,0.10415702944437101,-29.970787512379943,M30,GBPUSD,supertrend,"(14, 3.0, 14, 2.5, 4.0)",10,5000
65,15.384615384615385,-614.8645993211886,0.3757016925174564,-9.459455374172133,M30,USDJPY,ema_macd,"(3, 10, 50, 14, 1.5, 2.5)",13,5000
27,14.814814814814813,-292.6388663135838,0.28294575945084594,-10.838476530132732,M30,USDCHF,supertrend,"(10, 2.5, 14, 2.0, 3.0)",12,5000
81,14.814814814814813,-850.2687244985822,0.31892165241740394,-10.497144746896076,M30,USDJPY,ema_macd,"(5, 13, 30, 14, 1.5, 2.0)",13,5000
150,14.666666666666666,-1589.526653635685,0.3349872051538749,-10.596844357571234,M30,GBPUSD,keltner,"(14, 1.5, 14, 1.5, 2.5)",10,5000
116,14.655172413793101,-1537.2707032943736,0.35059152636340724,-13.252333649089428,M30,USDJPY,keltner,"(50, 2.0, 21, 2.0, 3.0)",13,5000
48,14.583333333333334,-552.0113350711098,0.28521657767622566,-11.500236147314787,M30,EURUSD,supertrend,"(10, 2.0, 14, 2.0, 3.0)",9,5000
48,14.583333333333334,-699.7566073332838,0.3156196807272925,-14.578262652776745,M30,GBPUSD,supertrend,"(10, 2.0, 14, 2.0, 3.0)",10,5000
110,14.545454545454545,-1669.1780939521295,0.3168053769021742,-15.174346308655723,M30,USDJPY,keltner,"(30, 2.0, 21, 2.0, 3.0)",13,5000
180,14.444444444444443,-2007.9494089238199,0.29624583052994746,-11.15527449402122,M30,GBPUSD,keltner,"(20, 1.5, 14, 1.5, 2.5)",10,5000
14,14.285714285714285,-151.8237057050453,0.22757606360898797,-10.844550407503236,M30,AUDUSD,ema_macd,"(8, 21, 100, 14, 1.5, 2.5)",9,5000
14,14.285714285714285,-265.52355946034663,0.06939490043321724,-18.965968532881902,M30,AUDUSD,supertrend,"(10, 3.0, 14, 2.0, 3.0)",9,5000
28,14.285714285714285,-349.54779932159454,0.3037757545978357,-12.483849975771234,M30,EURUSD,supertrend,"(14, 2.5, 14, 2.0, 3.0)",9,5000
42,14.285714285714285,-574.40799665037,0.19493114131190556,-13.676380872627858,M30,USDCHF,supertrend,"(10, 2.0, 14, 2.5, 4.0)",12,5000
99,14.14141414141414,-941.7161550951957,0.26544250178074513,-9.512284394900966,M15,GBPUSD,keltner,"(20, 2.0, 14, 2.0, 3.0)",10,5000
50,14.000000000000002,-437.43806433457206,0.28322450431960766,-8.74876128669144,M15,GBPUSD,ema_macd,"(5, 13, 50, 14, 2.0, 4.0)",10,5000
50,14.000000000000002,-478.25005319591,0.21635096054081554,-9.565001063918201,M15,GBPUSD,ema_macd,"(5, 13, 50, 14, 2.0, 3.0)",10,5000
100,14.000000000000002,-1017.524738055069,0.23143336144054474,-10.17524738055069,M15,GBPUSD,donchian,"(100, 21, 2.0, 3.0)",10,5000
89,13.48314606741573,-1013.5511423316386,0.3485297614218667,-11.388215082377963,M30,USDJPY,rsi,"(14, 80, 20, 14, 1.5, 2.5)",13,5000
52,13.461538461538462,-543.4654610040379,0.2205726347934115,-10.451258865462268,M15,GBPUSD,supertrend,"(10, 2.0, 14, 2.0, 3.0)",10,5000
224,13.392857142857142,-2652.9151662175714,0.3028707947471615,-11.843371277757015,M30,USDJPY,rsi,"(14, 70, 30, 14, 1.5, 2.5)",13,5000
142,13.380281690140844,-1422.942366028694,0.21016503972060505,-10.020720887526014,M15,GBPUSD,keltner,"(30, 2.0, 21, 2.0, 3.0)",10,5000
299,13.377926421404682,-3398.41619046655,0.30578892460116236,-11.365940436342976,M30,USDJPY,rsi,"(7, 75, 25, 14, 1.5, 2.5)",13,5000
15,13.333333333333334,-194.70386809184106,0.38674499165909076,-12.980257872789403,M30,USDJPY,supertrend,"(20, 3.0, 21, 2.0, 3.5)",13,5000
158,13.291139240506327,-1493.9757284559448,0.2338719297481389,-9.455542585164208,M15,GBPUSD,donchian,"(50, 21, 2.0, 3.0)",10,5000
91,13.186813186813188,-673.1552667810379,0.35530169384515276,-7.397310623967449,M30,EURUSD,rsi,"(14, 80, 20, 14, 1.5, 2.5)",9,5000
23,13.043478260869565,-255.34727799673144,0.2550921926833978,-11.102055565075279,M30,USDCHF,supertrend,"(14, 2.5, 14, 2.0, 3.0)",12,5000
276,13.043478260869565,-3087.152806574199,0.27361179303879657,-11.18533625570362,M30,GBPUSD,donchian,"(20, 14, 1.5, 2.5)",10,5000
93,12.903225806451612,-847.3447612567046,0.2617090407107326,-9.111233992007577,M30,AUDUSD,supertrend,"(5, 1.5, 14, 1.5, 2.5)",9,5000
39,12.82051282051282,-472.52261635987907,0.21835900578216855,-12.11596452204818,M15,USDJPY,supertrend,"(10, 2.0, 14, 2.5, 4.0)",13,5000
307,12.703583061889251,-2508.45572998843,0.30437270857390364,-8.170865569994886,M30,AUDUSD,rsi,"(7, 75, 25, 14, 1.5, 2.5)",9,5000
71,12.676056338028168,-612.6061639944846,0.26691690737262985,-8.628255830908234,M30,EURUSD,ema_macd,"(5, 13, 30, 14, 1.5, 2.0)",9,5000
16,12.5,-119.62673205157094,0.26001387907294277,-7.476670753223184,M15,AUDUSD,supertrend,"(20, 3.0, 21, 2.0, 3.5)",9,5000
24,12.5,-212.20900541417788,0.21690355621695967,-8.842041892257411,M15,AUDUSD,supertrend,"(14, 2.5, 14, 2.0, 3.0)",9,5000
32,12.5,-239.5555737096032,0.2518218240170516,-7.4861116784251,M15,USDJPY,ema_macd,"(5, 13, 100, 21, 2.0, 3.5)",13,5000
32,12.5,-266.3792313741719,0.27609621030064674,-8.324350980442873,M30,EURUSD,ema_macd,"(8, 21, 100, 14, 1.5, 2.5)",9,5000
48,12.5,-490.92603428690046,0.2722148014981598,-10.227625714310426,M30,USDCHF,supertrend,"(10, 2.0, 14, 2.0, 3.0)",12,5000
99,12.121212121212121,-1133.1496213526264,0.3043769676554631,-11.44595577123865,M30,USDJPY,supertrend,"(5, 1.5, 14, 1.5, 2.5)",13,5000
42,11.904761904761903,-416.2428685774232,0.20352597309406226,-9.910544489938648,M15,AUDUSD,supertrend,"(10, 2.0, 14, 2.5, 4.0)",9,5000
168,11.904761904761903,-1565.001288670755,0.25405916424457087,-9.315483861135446,M30,AUDUSD,keltner,"(20, 1.5, 14, 1.5, 2.5)",9,5000
76,11.842105263157894,-1407.4238372233026,0.24953607534947572,-18.518734700306613,M30,USDJPY,keltner,"(20, 2.0, 14, 2.0, 3.0)",13,5000
111,11.711711711711711,-1247.9835566399688,0.2563458526571999,-11.243095104864583,M30,GBPUSD,supertrend,"(5, 1.5, 14, 1.5, 2.5)",10,5000
232,11.637931034482758,-1913.02379982242,0.2875268529576185,-8.245792240613879,M30,AUDUSD,rsi,"(14, 70, 30, 14, 1.5, 2.5)",9,5000
43,11.627906976744185,-721.9168459781523,0.21848283978855657,-16.78876385995703,M30,GBPUSD,ema_macd,"(5, 13, 100, 21, 2.0, 3.5)",10,5000
156,11.538461538461538,-1520.9700718483866,0.2035295765916583,-9.749808152874273,M15,GBPUSD,rsi,"(14, 75, 25, 14, 2.0, 3.0)",10,5000
44,11.363636363636363,-424.65180507435196,0.2154280918902659,-9.651177388053453,M15,GBPUSD,ema_macd,"(5, 13, 100, 21, 2.0, 3.5)",10,5000
150,11.333333333333332,-1350.0723950647518,0.2697784139587128,-9.000482633765012,M30,EURUSD,keltner,"(14, 1.5, 14, 1.5, 2.5)",9,5000
133,11.278195488721805,-1363.2362771555179,0.20192198758015958,-10.24989682071818,M15,GBPUSD,keltner,"(50, 2.0, 21, 2.0, 3.0)",10,5000
18,11.11111111111111,-158.56026409352577,0.22257015401998567,-8.808903560751432,M15,EURUSD,supertrend,"(10, 3.0, 14, 2.0, 3.0)",9,5000
275,10.909090909090908,-2478.101146937911,0.25225833696918304,-9.011276897956039,M30,EURUSD,donchian,"(20, 14, 1.5, 2.5)",9,5000
37,10.81081081081081,-565.9895132098158,0.1570994124591341,-15.297013870535562,M30,AUDUSD,supertrend,"(10, 2.0, 14, 2.0, 3.0)",9,5000
222,10.81081081081081,-2512.262445829368,0.3123864225815498,-11.316497503735892,M30,USDJPY,rsi,"(21, 65, 35, 14, 1.5, 2.5)",13,5000
300,10.666666666666668,-2671.604984839099,0.24389818216749884,-8.905349949463663,M30,EURUSD,rsi,"(7, 75, 25, 14, 1.5, 2.5)",9,5000
133,10.526315789473683,-1427.1217189697436,0.1941024617003425,-10.730238488494313,M30,AUDUSD,keltner,"(14, 1.5, 14, 1.5, 2.5)",9,5000
232,10.344827586206897,-2137.701630663893,0.21957008666492417,-9.214231166654711,M30,EURUSD,rsi,"(21, 65, 35, 14, 1.5, 2.5)",9,5000
214,10.2803738317757,-1988.7532249025253,0.22799442085130103,-9.29323936870339,M30,AUDUSD,rsi,"(21, 65, 35, 14, 1.5, 2.5)",9,5000
39,10.256410256410255,-215.93992322248457,0.25088759699758145,-5.536921108268835,M15,AUDUSD,supertrend,"(7, 2.0, 14, 1.5, 2.5)",9,5000
49,10.204081632653061,-650.3446263301615,0.23043948578589085,-13.272339312860439,M30,GBPUSD,supertrend,"(10, 2.0, 14, 1.5, 2.5)",10,5000
256,10.15625,-3230.947884453451,0.25787642969775226,-12.620890173646293,M30,USDJPY,donchian,"(20, 14, 1.5, 2.5)",13,5000
40,10.0,-268.7703700398624,0.2125094453748188,-6.7192592509965605,M15,AUDUSD,ema_macd,"(5, 13, 100, 21, 2.0, 3.5)",9,5000
20,10.0,-404.2042402118673,0.04669764620775546,-20.210212010593363,M30,AUDUSD,supertrend,"(14, 2.5, 14, 2.0, 3.0)",9,5000
52,9.615384615384617,-966.6118772748497,0.16683717267035925,-18.588689947593263,M30,GBPUSD,ema_macd,"(5, 13, 50, 14, 2.0, 3.0)",10,5000
43,9.30232558139535,-257.3900001988028,0.21934692532394037,-5.9858139581116925,M15,AUDUSD,supertrend,"(10, 2.0, 14, 1.5, 2.5)",9,5000
43,9.30232558139535,-362.55262265577494,0.16716614741573543,-8.431456340831975,M15,AUDUSD,supertrend,"(10, 2.0, 14, 2.0, 3.0)",9,5000
194,9.278350515463918,-1823.532509892534,0.22526983528192646,-9.399652112848115,M30,EURUSD,keltner,"(20, 1.5, 14, 1.5, 2.5)",9,5000
44,9.090909090909092,-390.39855019642476,0.14991915315160992,-8.872694322646018,M15,EURUSD,supertrend,"(10, 2.0, 14, 2.0, 3.0)",9,5000
121,9.090909090909092,-1043.8709146456813,0.1588897688168181,-8.627032352443647,M15,EURUSD,keltner,"(20, 2.0, 14, 2.0, 3.0)",9,5000
45,8.88888888888889,-647.1476970169107,0.23872158737474444,-14.381059933709126,M30,USDJPY,supertrend,"(7, 2.0, 14, 1.5, 2.5)",13,5000
45,8.88888888888889,-707.332842058392,0.2058541724461772,-15.718507601297599,M30,USDJPY,supertrend,"(10, 2.0, 14, 1.5, 2.5)",13,5000
57,8.771929824561402,-398.6386373086205,0.2003265449333487,-6.9936603036600085,M15,AUDUSD,ema_macd,"(5, 13, 50, 14, 2.0, 4.0)",9,5000
57,8.771929824561402,-423.0044218995068,0.15144851524522543,-7.421130208763277,M15,AUDUSD,ema_macd,"(5, 13, 50, 14, 2.0, 3.0)",9,5000
150,8.666666666666668,-1220.2263032593075,0.16148598429500696,-8.134842021728717,M15,AUDUSD,rsi,"(14, 75, 25, 14, 2.0, 3.0)",9,5000
47,8.51063829787234,-659.830790250655,0.18879216147935102,-14.03895298405649,M30,GBPUSD,supertrend,"(7, 2.0, 14, 1.5, 2.5)",10,5000
273,8.424908424908425,-2848.294299657541,0.1747272541908443,-10.433312452958026,M30,AUDUSD,donchian,"(20, 14, 1.5, 2.5)",9,5000
12,8.333333333333332,-232.50280265668218,0.03044167924280822,-19.375233554723515,M30,AUDUSD,supertrend,"(20, 3.0, 21, 2.0, 3.5)",9,5000
48,8.333333333333332,-501.5324802773071,0.19085723939526583,-10.448593339110564,M30,EURUSD,supertrend,"(10, 2.0, 14, 1.5, 2.5)",9,5000
98,8.16326530612245,-854.4791536766016,0.14126218211186337,-8.719175037516344,M15,AUDUSD,donchian,"(100, 21, 2.0, 3.0)",9,5000
123,8.130081300813007,-1010.9586162787766,0.1445649543816603,-8.219175742103875,M15,EURUSD,keltner,"(50, 2.0, 21, 2.0, 3.0)",9,5000
99,8.080808080808081,-1263.406013470556,0.13438372783746355,-12.76167690374299,M30,USDCHF,keltner,"(20, 2.0, 14, 2.0, 3.0)",12,5000
62,8.064516129032258,-869.1081669886105,0.1539051915944661,-14.017873661106622,M30,GBPUSD,ema_macd,"(3, 10, 50, 14, 1.5, 2.5)",10,5000
50,8.0,-992.4652215097127,0.12361041587595525,-19.849304430194255,M30,GBPUSD,ema_macd,"(5, 13, 50, 14, 2.0, 4.0)",10,5000
164,7.926829268292683,-1635.0584547081096,0.16608954123572517,-9.96986862626896,M15,USDJPY,rsi,"(14, 75, 25, 14, 2.0, 3.0)",13,5000
139,7.913669064748201,-2091.4782853880065,0.20091422880057697,-15.046606369697889,M30,USDJPY,keltner,"(14, 1.5, 14, 1.5, 2.5)",13,5000
38,7.894736842105263,-459.2001856529692,0.12244937828887567,-12.084215411920242,M30,AUDUSD,supertrend,"(7, 2.0, 14, 1.5, 2.5)",9,5000
38,7.894736842105263,-483.99268995752647,0.1294895191290405,-12.73664973572438,M30,AUDUSD,supertrend,"(10, 2.0, 14, 1.5, 2.5)",9,5000
51,7.8431372549019605,-441.28143376082056,0.21297474453243598,-8.652577132565108,M30,USDCHF,supertrend,"(10, 2.0, 14, 1.5, 2.5)",12,5000
167,7.784431137724551,-1991.0925227756986,0.15454082937663646,-11.922709717219751,M30,USDCHF,rsi,"(14, 75, 25, 14, 2.0, 3.0)",12,5000
13,7.6923076923076925,-198.57633994082468,0.09643400421245345,-15.27510307237113,M30,USDCHF,supertrend,"(10, 3.0, 14, 2.0, 3.0)",12,5000
13,7.6923076923076925,-223.25461063338213,0.11235110315331029,-17.17343158718324,M30,USDCHF,supertrend,"(14, 3.0, 14, 2.5, 4.0)",12,5000
26,7.6923076923076925,-255.1213203590952,0.1510543424482562,-9.812358475349814,M15,EURUSD,supertrend,"(14, 2.5, 14, 2.0, 3.0)",9,5000
26,7.6923076923076925,-259.4995723289961,0.14888521307266955,-9.980752781884465,M15,EURUSD,supertrend,"(10, 2.5, 14, 2.0, 3.0)",9,5000
221,7.6923076923076925,-1851.410628921248,0.16110957137861517,-8.37742366027714,M15,GBPUSD,rsi,"(21, 65, 35, 14, 1.5, 2.5)",10,5000
247,7.6923076923076925,-2534.8807493173913,0.16880275025294963,-10.262675098450977,M30,EURUSD,rsi,"(14, 70, 30, 14, 1.5, 2.5)",9,5000
53,7.547169811320755,-442.7330376948435,0.21242479055331007,-8.353453541412142,M30,USDCHF,supertrend,"(7, 2.0, 14, 1.5, 2.5)",12,5000
187,7.4866310160427805,-2761.5429913018165,0.18563826591533633,-14.767609579154099,M30,USDJPY,keltner,"(20, 1.5, 14, 1.5, 2.5)",13,5000
107,7.476635514018691,-1057.2920070581704,0.16862956843803137,-9.881233710824022,M30,EURUSD,supertrend,"(5, 1.5, 14, 1.5, 2.5)",9,5000
121,7.43801652892562,-969.979023749701,0.15000423060815518,-8.016355568179348,M15,AUDUSD,keltner,"(50, 2.0, 21, 2.0, 3.0)",9,5000
109,7.339449541284404,-984.4045777327606,0.1383835524093968,-9.031234658098722,M15,EURUSD,donchian,"(100, 21, 2.0, 3.0)",9,5000
109,7.339449541284404,-999.6647766966391,0.1039642271581409,-9.171236483455404,M15,AUDUSD,keltner,"(20, 2.0, 14, 2.0, 3.0)",9,5000
150,7.333333333333333,-1293.5152660820347,0.10702929537691354,-8.623435107213565,M15,EURUSD,rsi,"(14, 75, 25, 14, 2.0, 3.0)",9,5000
41,7.317073170731707,-348.7835707204795,0.20284624424564057,-8.506916359036085,M15,USDJPY,ema_macd,"(5, 13, 50, 14, 2.0, 4.0)",13,5000
41,7.317073170731707,-365.4717109834195,0.16470507360598505,-8.913944170327305,M15,USDJPY,ema_macd,"(5, 13, 50, 14, 2.0, 3.0)",13,5000
152,7.236842105263158,-1266.2964108903577,0.15671144469536466,-8.330897440068142,M15,GBPUSD,keltner,"(14, 1.5, 14, 1.5, 2.5)",10,5000
247,6.882591093117409,-2304.198870205784,0.1827105305234337,-9.328740365205602,M30,GBPUSD,keltner,"(20, 1.0, 14, 1.0, 2.0)",10,5000
74,6.756756756756757,-681.5079962091828,0.10545600402206962,-9.209567516340309,M15,GBPUSD,ema_macd,"(5, 13, 30, 14, 1.5, 2.0)",10,5000
30,6.666666666666667,-239.48046618644804,0.13317749509198548,-7.9826822062149345,M15,EURUSD,ema_macd,"(5, 13, 100, 21, 2.0, 3.5)",9,5000
75,6.666666666666667,-750.1181105902788,0.16093694690767163,-10.001574807870384,M30,GBPUSD,ema_macd,"(3, 8, 50, 14, 1.0, 1.8)",10,5000
46,6.521739130434782,-357.27960166015424,0.15545343406565315,-7.7669478621772665,M15,EURUSD,ema_macd,"(5, 13, 50, 14, 2.0, 4.0)",9,5000
46,6.521739130434782,-373.72047752181714,0.11659007554923854,-8.124358206996025,M15,EURUSD,ema_macd,"(5, 13, 50, 14, 2.0, 3.0)",9,5000
31,6.451612903225806,-260.8287903761375,0.1528059532049641,-8.413831947617338,M15,GBPUSD,ema_macd,"(8, 21, 100, 14, 1.5, 2.5)",10,5000
78,6.41025641025641,-1185.8153196341761,0.0980270161173265,-15.202760508130464,M30,GBPUSD,ema_macd,"(5, 13, 30, 14, 1.5, 2.0)",10,5000
47,6.382978723404255,-512.0907283946295,0.16826549074703995,-10.895547412651693,M30,EURUSD,supertrend,"(7, 2.0, 14, 1.5, 2.5)",9,5000
157,6.369426751592357,-2071.836729580244,0.11288914116687172,-13.196412290320026,M30,USDCHF,donchian,"(50, 21, 2.0, 3.0)",12,5000
177,6.214689265536723,-1566.6681965718208,0.11753568951835125,-8.851232748993338,M15,EURUSD,donchian,"(50, 21, 2.0, 3.0)",9,5000
249,6.024096385542169,-2172.305493364797,0.1334551481668801,-8.72411844724818,M15,GBPUSD,rsi,"(14, 70, 30, 14, 1.5, 2.5)",10,5000
17,5.88235294117647,-217.1336969854909,0.17234553374229988,-12.772570410911229,M30,USDCHF,supertrend,"(20, 3.0, 21, 2.0, 3.5)",12,5000
17,5.88235294117647,-268.1834447280323,0.020096210077544835,-15.775496748707784,M15,USDJPY,supertrend,"(14, 3.0, 14, 2.5, 4.0)",13,5000
293,5.802047781569966,-2523.128178695243,0.1388710335565034,-8.61135897165612,M15,GBPUSD,donchian,"(20, 14, 1.5, 2.5)",10,5000
52,5.769230769230769,-492.0780691220017,0.13138737012396692,-9.463039790807725,M15,GBPUSD,supertrend,"(10, 2.0, 14, 1.5, 2.5)",10,5000
123,5.691056910569105,-1065.6076914527919,0.10837268235316432,-8.663477166282862,M15,GBPUSD,supertrend,"(5, 1.5, 14, 1.5, 2.5)",10,5000
18,5.555555555555555,-193.7445168739016,0.12790285330853018,-10.763584270772311,M15,EURUSD,supertrend,"(20, 3.0, 21, 2.0, 3.5)",9,5000
108,5.555555555555555,-1449.7897913163392,0.1048523004438239,-13.423979549225363,M30,USDCHF,donchian,"(100, 21, 2.0, 3.0)",12,5000
216,5.555555555555555,-1976.725852699371,0.1153076243858621,-9.151508577311903,M15,GBPUSD,keltner,"(20, 1.5, 14, 1.5, 2.5)",10,5000
55,5.454545454545454,-507.0035246588378,0.10376544815747794,-9.21824590288796,M15,GBPUSD,ema_macd,"(5, 13, 50, 14, 1.5, 2.5)",10,5000
55,5.454545454545454,-513.6177473839876,0.10618860932568017,-9.338504497890684,M15,GBPUSD,ema_macd,"(5, 13, 50, 10, 1.5, 2.5)",10,5000
440,5.454545454545454,-4251.296509011404,0.14760593811169634,-9.662037520480464,M30,GBPUSD,donchian,"(10, 14, 1.0, 2.0)",10,5000
56,5.357142857142857,-891.9054777400115,0.1042526701280633,-15.926883531071635,M30,GBPUSD,ema_macd,"(5, 13, 50, 10, 1.5, 2.5)",10,5000
57,5.263157894736842,-525.5049420781543,0.12406682297746971,-9.219384948739549,M15,GBPUSD,supertrend,"(7, 2.0, 14, 1.5, 2.5)",10,5000
57,5.263157894736842,-886.3717872661958,0.10653731167105426,-15.550382232740278,M30,GBPUSD,ema_macd,"(5, 13, 50, 14, 1.5, 2.5)",10,5000
153,5.228758169934641,-2042.0359782243868,0.08453668588599204,-13.346640380551548,M30,USDCHF,keltner,"(50, 2.0, 21, 2.0, 3.0)",12,5000
134,5.223880597014925,-1197.7573835208,0.09936332452091591,-8.938487936722387,M15,AUDUSD,keltner,"(30, 2.0, 21, 2.0, 3.0)",9,5000
58,5.172413793103448,-564.5494446844509,0.17448486820635212,-9.733611115249154,M30,USDJPY,ema_macd,"(5, 13, 50, 14, 1.0, 2.0)",13,5000
39,5.128205128205128,-489.65445656344855,0.09430512372970733,-12.55524247598586,M15,USDJPY,supertrend,"(10, 2.0, 14, 2.0, 3.0)",13,5000
176,5.113636363636364,-1622.454408405445,0.08962074442042749,-9.21849095684912,M15,AUDUSD,donchian,"(50, 21, 2.0, 3.0)",9,5000
40,5.0,-309.7791423521179,0.1349668449748476,-7.744478558802948,M30,AUDUSD,ema_macd,"(5, 13, 50, 14, 1.0, 2.0)",9,5000
141,4.964539007092199,-1354.7610234610108,0.08589019487768047,-9.608234208943339,M15,EURUSD,keltner,"(30, 2.0, 21, 2.0, 3.0)",9,5000
142,4.929577464788732,-1910.6185324488897,0.0805158731577158,-13.455060087668237,M30,USDCHF,keltner,"(30, 2.0, 21, 2.0, 3.0)",12,5000
21,4.761904761904762,-268.8038123611733,0.03378817824320841,-12.800181541008252,M15,USDJPY,supertrend,"(14, 2.5, 14, 2.0, 3.0)",13,5000
64,4.6875,-582.0548845944872,0.09369068570734725,-9.094607571788863,M15,GBPUSD,ema_macd,"(3, 10, 50, 14, 1.5, 2.5)",10,5000
416,4.567307692307692,-4462.547618944079,0.13969631530234683,-10.727277930154035,M30,USDJPY,donchian,"(10, 14, 1.0, 2.0)",13,5000
66,4.545454545454546,-496.58343218080944,0.11891443183858513,-7.523991396678931,M30,AUDUSD,ema_macd,"(3, 8, 50, 14, 1.0, 1.8)",9,5000
88,4.545454545454546,-1169.6766279018393,0.0654839959845593,-13.291779862520901,M15,USDJPY,keltner,"(20, 2.0, 14, 2.0, 3.0)",13,5000
358,4.4692737430167595,-3233.641702353426,0.0964457066299778,-9.032518721657615,M15,GBPUSD,rsi,"(7, 75, 25, 14, 1.5, 2.5)",10,5000
45,4.444444444444445,-335.242223154073,0.11001258540131337,-7.449827181201622,M15,EURUSD,supertrend,"(10, 2.0, 14, 1.5, 2.5)",9,5000
23,4.3478260869565215,-292.8520592549148,0.03109987082692333,-12.732698228474558,M15,USDJPY,supertrend,"(10, 2.5, 14, 2.0, 3.0)",13,5000
278,4.316546762589928,-2933.6245195580836,0.1289676348214962,-10.552606185460732,M30,USDJPY,keltner,"(20, 1.0, 14, 1.0, 2.0)",13,5000
47,4.25531914893617,-346.7229405570404,0.1032340611547814,-7.377083841639157,M15,EURUSD,supertrend,"(7, 2.0, 14, 1.5, 2.5)",9,5000
24,4.166666666666666,-166.43251927362599,0.09466781705332535,-6.934688303067749,M15,AUDUSD,ema_macd,"(8, 21, 100, 14, 1.5, 2.5)",9,5000
96,4.166666666666666,-967.9485105745257,0.059060785936910415,-10.08279698515131,M15,GBPUSD,rsi,"(14, 80, 20, 14, 1.5, 2.5)",10,5000
100,4.0,-770.3826899376999,0.07280846788710216,-7.703826899376999,M15,AUDUSD,rsi,"(14, 80, 20, 14, 1.5, 2.5)",9,5000
430,3.953488372093023,-3376.5146543867927,0.10931416020697718,-7.852359661364634,M30,AUDUSD,donchian,"(10, 14, 1.0, 2.0)",9,5000
102,3.9215686274509802,-723.3581720787407,0.09029180414556522,-7.091746785085693,M15,AUDUSD,supertrend,"(5, 1.5, 14, 1.5, 2.5)",9,5000
230,3.91304347826087,-1750.992606870448,0.1256097528212915,-7.6130113342193395,M30,AUDUSD,keltner,"(20, 1.0, 14, 1.0, 2.0)",9,5000
78,3.8461538461538463,-854.4704757007196,0.11175117297785658,-10.954749688470764,M30,USDJPY,ema_macd,"(3, 8, 50, 14, 1.0, 1.8)",13,5000
81,3.7037037037037033,-797.4155471366055,0.09403160042443946,-9.844636384402536,M30,USDCHF,ema_macd,"(5, 13, 30, 14, 1.5, 2.0)",12,5000
109,3.669724770642202,-1170.2692846524908,0.08995310801927092,-10.736415455527439,M30,USDCHF,rsi,"(14, 80, 20, 14, 1.5, 2.5)",12,5000
266,3.3834586466165413,-2612.150189879092,0.080785344092721,-9.82011349578606,M30,USDCHF,rsi,"(21, 65, 35, 14, 1.5, 2.5)",12,5000
269,3.3457249070631967,-2278.078591134566,0.11268875589967559,-8.468693647340395,M15,USDJPY,rsi,"(14, 70, 30, 14, 1.5, 2.5)",13,5000
120,3.3333333333333335,-850.2922763152587,0.06707225203125693,-7.085768969293823,M15,EURUSD,supertrend,"(5, 1.5, 14, 1.5, 2.5)",9,5000
94,3.1914893617021276,-723.4563000938299,0.06281781950644937,-7.696343618019467,M15,EURUSD,rsi,"(14, 80, 20, 14, 1.5, 2.5)",9,5000
128,3.125,-1668.0772971787633,0.042618988964587885,-13.031853884209088,M15,USDJPY,keltner,"(30, 2.0, 21, 2.0, 3.0)",13,5000
130,3.076923076923077,-1659.5141735459538,0.042829484894704714,-12.765493642661182,M15,USDJPY,keltner,"(50, 2.0, 21, 2.0, 3.0)",13,5000
386,2.849740932642487,-3253.1956021472824,0.0925816900717743,-8.427967881210577,M15,USDJPY,rsi,"(7, 75, 25, 14, 1.5, 2.5)",13,5000
188,2.6595744680851063,-1367.4164641136647,0.06306012680373878,-7.2734918303918334,M15,AUDUSD,keltner,"(20, 1.5, 14, 1.5, 2.5)",9,5000
114,2.631578947368421,-1315.4877680675522,0.0527527314786346,-11.539366386557475,M15,USDJPY,donchian,"(100, 21, 2.0, 3.0)",13,5000
40,2.5,-401.082872197685,0.07953013761938221,-10.027071804942125,M15,USDJPY,supertrend,"(10, 2.0, 14, 1.5, 2.5)",13,5000
441,2.494331065759637,-3671.3978275702475,0.07297720964266988,-8.325165141882648,M30,EURUSD,donchian,"(10, 14, 1.0, 2.0)",9,5000
244,2.459016393442623,-1738.5073852217597,0.06571149833849231,-7.125030267302294,M15,AUDUSD,rsi,"(21, 65, 35, 14, 1.5, 2.5)",9,5000
41,2.4390243902439024,-329.9334436079837,0.1282858271682776,-8.047157161170334,M30,EURUSD,ema_macd,"(5, 13, 50, 14, 1.0, 2.0)",9,5000
373,2.4128686327077746,-3776.2112352112376,0.05655952520424453,-10.123890711022085,M30,USDCHF,rsi,"(7, 75, 25, 14, 1.5, 2.5)",12,5000
166,2.4096385542168677,-1246.5084133881223,0.0546837403717303,-7.509086827639291,M15,AUDUSD,keltner,"(14, 1.5, 14, 1.5, 2.5)",9,5000
250,2.4,-2082.246846742068,0.11370465228178596,-8.328987386968272,M15,USDJPY,rsi,"(21, 65, 35, 14, 1.5, 2.5)",13,5000
209,2.3923444976076556,-2222.115278805935,0.05023838370963046,-10.632130520602558,M30,USDCHF,keltner,"(20, 1.5, 14, 1.5, 2.5)",12,5000
42,2.380952380952381,-349.6333623126958,0.05919812974565208,-8.324603864587996,M15,USDJPY,ema_macd,"(5, 13, 50, 10, 1.5, 2.5)",13,5000
303,2.31023102310231,-2202.2506273787076,0.06467640820223454,-7.268153885738309,M15,EURUSD,donchian,"(20, 14, 1.5, 2.5)",9,5000
260,2.307692307692308,-2667.007497846788,0.05835066544937339,-10.257721145564568,M30,USDCHF,rsi,"(14, 70, 30, 14, 1.5, 2.5)",12,5000
141,2.127659574468085,-1477.406917511883,0.050422610956597794,-10.478063244765128,M30,USDCHF,supertrend,"(5, 1.5, 14, 1.5, 2.5)",12,5000
380,2.1052631578947367,-2754.1629263781333,0.05683608823744955,-7.247797174679298,M15,EURUSD,rsi,"(7, 75, 25, 14, 1.5, 2.5)",9,5000
48,2.083333333333333,-466.5525071282872,0.06914159199342601,-9.719843898505983,M15,USDJPY,supertrend,"(7, 2.0, 14, 1.5, 2.5)",13,5000
97,2.0618556701030926,-1015.4117538834385,0.04154335506584431,-10.468162411169468,M15,USDJPY,rsi,"(14, 80, 20, 14, 1.5, 2.5)",13,5000
49,2.0408163265306123,-505.6425620361249,0.07355736026756528,-10.319235959920917,M30,USDCHF,ema_macd,"(5, 13, 50, 14, 1.5, 2.5)",12,5000
298,2.013422818791946,-3212.281409963796,0.05030727349609653,-10.779467818670456,M30,USDCHF,donchian,"(20, 14, 1.5, 2.5)",12,5000
301,1.9933554817275747,-2208.7273822038396,0.049338234244087814,-7.3379647249297,M15,AUDUSD,donchian,"(20, 14, 1.5, 2.5)",9,5000
258,1.937984496124031,-1946.3594533384353,0.0410327774526804,-7.544028888908664,M15,EURUSD,rsi,"(21, 65, 35, 14, 1.5, 2.5)",9,5000
157,1.910828025477707,-1425.3789274765911,0.011888329676967943,-9.07884667182542,M15,USDCHF,rsi,"(14, 75, 25, 14, 2.0, 3.0)",12,5000
278,1.7985611510791366,-2398.6746858948727,0.04892212572831443,-8.628326208254938,M30,EURUSD,keltner,"(20, 1.0, 14, 1.0, 2.0)",9,5000
167,1.7964071856287425,-1798.3721971954983,0.041455978791736896,-10.76869579158981,M30,USDCHF,keltner,"(14, 1.5, 14, 1.5, 2.5)",12,5000
57,1.7543859649122806,-660.6562303328576,0.03351324151723598,-11.590460181278203,M15,USDCHF,supertrend,"(10, 2.0, 14, 2.5, 4.0)",12,5000
171,1.7543859649122806,-1315.0656593396675,0.04536748426578186,-7.690442452278758,M15,EURUSD,keltner,"(14, 1.5, 14, 1.5, 2.5)",9,5000
171,1.7543859649122806,-2094.7681772541087,0.0331258950466892,-12.25010629973163,M15,USDJPY,donchian,"(50, 21, 2.0, 3.0)",13,5000
58,1.7241379310344827,-677.2496901241044,0.045763549916631105,-11.676718795243179,M30,GBPUSD,ema_macd,"(5, 13, 50, 14, 1.0, 2.0)",10,5000
59,1.694915254237288,-430.5417932305191,0.03885149803240921,-7.297318529330832,M15,AUDUSD,ema_macd,"(5, 13, 50, 14, 1.5, 2.5)",9,5000
59,1.694915254237288,-433.49162745622726,0.0408184324827957,-7.347315719597073,M15,AUDUSD,ema_macd,"(5, 13, 50, 10, 1.5, 2.5)",9,5000
127,1.574803149606299,-1272.9708693013686,0.026619954489407724,-10.02339267166432,M15,USDJPY,supertrend,"(5, 1.5, 14, 1.5, 2.5)",13,5000
65,1.5384615384615385,-459.4837090143058,0.03649362987941351,-7.068980138681628,M15,AUDUSD,ema_macd,"(3, 10, 50, 14, 1.5, 2.5)",9,5000
395,1.5189873417721518,-2910.4926538898662,0.02677577145402436,-7.368335832632573,M15,AUDUSD,rsi,"(7, 75, 25, 14, 1.5, 2.5)",9,5000
198,1.5151515151515151,-1560.7938471970417,0.038499908478944654,-7.882797208065867,M15,EURUSD,keltner,"(20, 1.5, 14, 1.5, 2.5)",9,5000
469,1.4925373134328357,-3133.7342656415944,0.04416468633495596,-6.681736174075894,M15,GBPUSD,donchian,"(10, 14, 1.0, 2.0)",10,5000
272,1.4705882352941175,-2053.729445161901,0.04319650031160028,-7.550475901330518,M15,AUDUSD,rsi,"(14, 70, 30, 14, 1.5, 2.5)",9,5000
70,1.4285714285714286,-595.7028662844112,0.04104338620308938,-8.51004094692016,M30,EURUSD,ema_macd,"(3, 8, 50, 14, 1.0, 1.8)",9,5000
74,1.3513513513513513,-613.1242602371287,0.049622568329252575,-8.285462976177415,M15,USDJPY,ema_macd,"(5, 13, 30, 14, 1.5, 2.0)",13,5000
298,1.342281879194631,-2766.008412986978,0.05592939404795683,-9.281907426130799,M15,USDJPY,donchian,"(20, 14, 1.5, 2.5)",13,5000
84,1.1904761904761905,-629.4787336388544,0.021639168705793427,-7.4937944480816,M15,AUDUSD,ema_macd,"(5, 13, 30, 14, 1.5, 2.0)",9,5000
276,1.0869565217391304,-2129.04289812009,0.02673462911114031,-7.713923543913369,M15,EURUSD,rsi,"(14, 70, 30, 14, 1.5, 2.5)",9,5000
109,0.9174311926605505,-751.9309428117961,0.012421657153235637,-6.898449016621982,M15,USDCHF,rsi,"(14, 80, 20, 14, 1.5, 2.5)",12,5000
258,0.7751937984496124,-1778.7631009797033,0.026993364731387068,-6.8944306239523385,M15,GBPUSD,keltner,"(20, 1.0, 14, 1.0, 2.0)",10,5000
445,0.44943820224719105,-2982.2115594765037,0.02541288249795174,-6.701599010059559,M15,USDJPY,donchian,"(10, 14, 1.0, 2.0)",13,5000
258,0.3875968992248062,-1332.0583312848219,0.006954685639530466,-5.163016787925666,M15,AUDUSD,keltner,"(20, 1.0, 14, 1.0, 2.0)",9,5000
443,0.2257336343115124,-3358.552245684201,0.008195092290385177,-7.581382044433862,M30,USDCHF,donchian,"(10, 14, 1.0, 2.0)",12,5000
456,0.21929824561403508,-2398.2722059660746,0.003874780823776327,-5.25936887273262,M15,AUDUSD,donchian,"(10, 14, 1.0, 2.0)",9,5000
13,0.0,-131.96204431095038,0.0,-10.15092648545772,M15,USDCHF,supertrend,"(20, 3.0, 21, 2.0, 3.5)",12,5000
19,0.0,-143.29700685826288,0.0,-7.541947729382256,M15,EURUSD,ema_macd,"(8, 21, 100, 14, 1.5, 2.5)",9,5000
15,0.0,-161.127463476195,0.0,-10.741830898413001,M15,USDCHF,supertrend,"(10, 3.0, 14, 2.0, 3.0)",12,5000
13,0.0,-179.82616093495162,0.0,-13.832781610380893,M15,USDCHF,supertrend,"(14, 3.0, 14, 2.5, 4.0)",12,5000
19,0.0,-197.68480189465757,0.0,-10.404463257613557,M15,USDCHF,supertrend,"(14, 2.5, 14, 2.0, 3.0)",12,5000
15,0.0,-202.99424288062937,0.0,-13.532949525375292,M15,USDJPY,supertrend,"(10, 3.0, 14, 2.0, 3.0)",13,5000
32,0.0,-204.1623472379139,0.0,-6.38007335118481,M15,USDCHF,ema_macd,"(8, 21, 100, 14, 1.5, 2.5)",12,5000
23,0.0,-225.04193253739092,0.0,-9.78443184945178,M15,USDCHF,supertrend,"(10, 2.5, 14, 2.0, 3.0)",12,5000
46,0.0,-227.96242841505827,0.0,-4.955704965544745,M15,EURUSD,ema_macd,"(5, 13, 50, 14, 1.0, 2.0)",9,5000
54,0.0,-239.29903060966205,0.0,-4.431463529808557,M15,USDCHF,ema_macd,"(5, 13, 50, 14, 1.0, 2.0)",12,5000
42,0.0,-254.98184689054142,0.0,-6.0709963545367005,M15,USDJPY,ema_macd,"(5, 13, 50, 14, 1.0, 2.0)",13,5000
26,0.0,-266.28447826044805,0.0,-10.241710702324925,M15,USDJPY,ema_macd,"(8, 21, 100, 14, 1.5, 2.5)",13,5000
18,0.0,-273.4080578974641,0.0,-15.189336549859117,M15,USDJPY,supertrend,"(20, 3.0, 21, 2.0, 3.5)",13,5000
24,0.0,-284.96146458778185,0.0,-11.873394357824244,M30,USDCHF,ema_macd,"(8, 21, 100, 14, 1.5, 2.5)",12,5000
59,0.0,-305.59142422365244,0.0,-5.179515664807669,M15,AUDUSD,ema_macd,"(5, 13, 50, 14, 1.0, 2.0)",9,5000
71,0.0,-316.58130256210336,0.0,-4.458891585381737,M15,USDCHF,ema_macd,"(3, 8, 50, 14, 1.0, 1.8)",12,5000
46,0.0,-341.9436426225974,0.0,-7.433557448317335,M15,EURUSD,ema_macd,"(5, 13, 50, 14, 1.5, 2.5)",9,5000
46,0.0,-348.1590080390818,0.0,-7.5686740878061265,M15,EURUSD,ema_macd,"(5, 13, 50, 10, 1.5, 2.5)",9,5000
49,0.0,-356.3941406698667,0.0,-7.273349809589116,M15,EURUSD,ema_macd,"(3, 10, 50, 14, 1.5, 2.5)",9,5000
54,0.0,-358.9485459144903,0.0,-6.647195294712783,M15,USDCHF,ema_macd,"(5, 13, 50, 14, 1.5, 2.5)",12,5000
54,0.0,-367.1661588871767,0.0,-6.7993733127254945,M15,USDCHF,ema_macd,"(5, 13, 50, 10, 1.5, 2.5)",12,5000
53,0.0,-371.883252982752,0.0,-7.016665150617963,M15,USDCHF,supertrend,"(7, 2.0, 14, 1.5, 2.5)",12,5000
72,0.0,-379.1149095208657,0.0,-5.265484854456468,M15,EURUSD,ema_macd,"(3, 8, 50, 14, 1.0, 1.8)",9,5000
49,0.0,-379.9183231678427,0.0,-7.753435166690667,M30,USDCHF,ema_macd,"(5, 13, 50, 14, 1.0, 2.0)",12,5000
42,0.0,-382.47277033581213,0.0,-9.106494531805051,M15,USDJPY,ema_macd,"(5, 13, 50, 14, 1.5, 2.5)",13,5000
46,0.0,-389.5923517581624,0.0,-8.4693989512644,M15,USDCHF,ema_macd,"(5, 13, 100, 21, 2.0, 3.5)",12,5000
55,0.0,-400.6162540998681,0.0,-7.283931892724874,M15,GBPUSD,ema_macd,"(5, 13, 50, 14, 1.0, 2.0)",10,5000
64,0.0,-405.7111606508158,0.0,-6.339236885168997,M15,USDJPY,ema_macd,"(3, 8, 50, 14, 1.0, 1.8)",13,5000
78,0.0,-406.4737205139413,0.0,-5.21120154505053,M15,AUDUSD,ema_macd,"(3, 8, 50, 14, 1.0, 1.8)",9,5000
62,0.0,-406.89723161990815,0.0,-6.562858574514648,M15,USDCHF,ema_macd,"(3, 10, 50, 14, 1.5, 2.5)",12,5000
57,0.0,-418.7294953348952,0.0,-7.346131497103425,M15,USDCHF,supertrend,"(10, 2.0, 14, 1.5, 2.5)",12,5000
54,0.0,-478.59806121932536,0.0,-8.862927059617137,M15,USDCHF,ema_macd,"(5, 13, 50, 14, 2.0, 3.0)",12,5000
54,0.0,-478.59806121932536,0.0,-8.862927059617137,M15,USDCHF,ema_macd,"(5, 13, 50, 14, 2.0, 4.0)",12,5000
63,0.0,-498.60388058580634,0.0,-7.914347310885815,M15,EURUSD,ema_macd,"(5, 13, 30, 14, 1.5, 2.0)",9,5000
56,0.0,-510.0944615933713,0.0,-9.108829671310202,M15,USDJPY,ema_macd,"(3, 10, 50, 14, 1.5, 2.5)",13,5000
78,0.0,-542.3777104395324,0.0,-6.9535603902504155,M15,GBPUSD,ema_macd,"(3, 8, 50, 14, 1.0, 1.8)",10,5000
57,0.0,-558.3059937798573,0.0,-9.794841996137848,M15,USDCHF,supertrend,"(10, 2.0, 14, 2.0, 3.0)",12,5000
85,0.0,-574.7043474398583,0.0,-6.76122761693951,M15,USDCHF,ema_macd,"(5, 13, 30, 14, 1.5, 2.0)",12,5000
36,0.0,-576.9223664969692,0.0,-16.02562129158248,M30,USDCHF,ema_macd,"(5, 13, 100, 21, 2.0, 3.5)",12,5000
49,0.0,-584.0770998604039,0.0,-11.91994081347763,M30,USDCHF,ema_macd,"(5, 13, 50, 10, 1.5, 2.5)",12,5000
90,0.0,-667.5339192038442,0.0,-7.4170435467093805,M30,USDCHF,ema_macd,"(3, 8, 50, 14, 1.0, 1.8)",12,5000
49,0.0,-759.8366463356876,0.0,-15.50687033338138,M30,USDCHF,ema_macd,"(5, 13, 50, 14, 2.0, 3.0)",12,5000
49,0.0,-759.8366463356876,0.0,-15.50687033338138,M30,USDCHF,ema_macd,"(5, 13, 50, 14, 2.0, 4.0)",12,5000
77,0.0,-855.5020667712342,0.0,-11.110416451574471,M30,USDCHF,ema_macd,"(3, 10, 50, 14, 1.5, 2.5)",12,5000
134,0.0,-944.835191079948,0.0,-7.0510088886563285,M15,USDCHF,supertrend,"(5, 1.5, 14, 1.5, 2.5)",12,5000
113,0.0,-1086.042108194637,0.0,-9.610992107917141,M15,USDCHF,keltner,"(20, 2.0, 14, 2.0, 3.0)",12,5000
126,0.0,-1243.3085881664613,0.0,-9.867528477511597,M15,USDCHF,donchian,"(100, 21, 2.0, 3.0)",12,5000
173,0.0,-1245.5721346650112,0.0,-7.199838928699487,M15,USDCHF,keltner,"(14, 1.5, 14, 1.5, 2.5)",12,5000
279,0.0,-1292.388254539112,0.0,-4.6322159660900075,M15,USDCHF,keltner,"(20, 1.0, 14, 1.0, 2.0)",12,5000
286,0.0,-1519.1965123102418,0.0,-5.311875917168678,M15,EURUSD,keltner,"(20, 1.0, 14, 1.0, 2.0)",9,5000
160,0.0,-1519.8060183526184,0.0,-9.498787614703865,M15,USDCHF,keltner,"(50, 2.0, 21, 2.0, 3.0)",12,5000
223,0.0,-1595.950352072195,0.0,-7.156728036198184,M15,USDCHF,keltner,"(20, 1.5, 14, 1.5, 2.5)",12,5000
173,0.0,-1605.0376933427137,0.0,-9.277674527992565,M15,USDCHF,keltner,"(30, 2.0, 21, 2.0, 3.0)",12,5000
154,0.0,-1609.7156543830233,0.0,-10.452699054435216,M15,USDJPY,keltner,"(14, 1.5, 14, 1.5, 2.5)",13,5000
256,0.0,-1700.739804934624,0.0,-6.643514863025875,M15,USDJPY,keltner,"(20, 1.0, 14, 1.0, 2.0)",13,5000
265,0.0,-1840.3897417678784,0.0,-6.944866950067466,M15,USDCHF,rsi,"(21, 65, 35, 14, 1.5, 2.5)",12,5000
196,0.0,-1857.9776086529548,0.0,-9.479477595168136,M15,USDCHF,donchian,"(50, 21, 2.0, 3.0)",12,5000
279,0.0,-1927.5153195314906,0.0,-6.908657059252654,M15,USDCHF,rsi,"(14, 70, 30, 14, 1.5, 2.5)",12,5000
195,0.0,-2077.5837401342746,0.0,-10.654275590432178,M15,USDJPY,keltner,"(20, 1.5, 14, 1.5, 2.5)",13,5000
280,0.0,-2154.6150140148247,0.0,-7.695053621481517,M30,USDCHF,keltner,"(20, 1.0, 14, 1.0, 2.0)",12,5000
467,0.0,-2177.9906434096133,0.0,-4.663791527643712,M15,USDCHF,donchian,"(10, 14, 1.0, 2.0)",12,5000
316,0.0,-2218.0626373469686,0.0,-7.019185561224584,M15,USDCHF,donchian,"(20, 14, 1.5, 2.5)",12,5000
480,0.0,-2606.3136925103727,0.0,-5.429820192729943,M15,EURUSD,donchian,"(10, 14, 1.0, 2.0)",9,5000
411,0.0,-2872.2866901550483,0.0,-6.988532092834667,M15,USDCHF,rsi,"(7, 75, 25, 14, 1.5, 2.5)",12,5000
